psnrs_test,iters_test
33.752075,10000
33.65235,20000
33.39741,30000
33.10814,40000
