psnrs_b_test,iters_test
33.44771,10000
33.44315,20000
33.47549,30000
33.51467,40000
33.53585,50000
