psnrs_test,iters_test
14.626099,10
14.626099,20
14.626099,30
14.626099,40
14.626099,50
14.626099,60
14.626099,70
14.626099,80
14.626099,90
14.626099,100
