psnrs_test,iters_test
14.626116,10
14.626116,20
14.626116,30
14.626116,40
14.626116,50
14.626116,60
14.626116,70
14.626116,80
14.626116,90
14.626116,100
