psnrs_test,iters_test
19.53821,10000
21.042662,20000
22.234005,30000
22.68695,40000
22.9124,50000
23.279875,60000
23.447063,70000
23.569096,80000
23.643791,90000
23.650784,100000
