psnrs_test,iters_test
23.679445,10000
23.706705,20000
23.706264,30000
23.711224,40000
23.70414,50000
23.693005,60000
23.690413,70000
23.693424,80000
23.676586,90000
23.650112,100000
23.650246,110000
23.604767,120000
23.55211,130000
23.434872,140000
