psnrs_b_test,iters_test
23.487608,10000
23.49005,20000
23.492119,30000
23.535713,40000
23.53094,50000
23.539043,60000
23.501703,70000
23.541079,80000
23.55263,90000
23.551971,100000
