psnrs_test,iters_test
23.681067,10000
23.659012,20000
23.544043,30000
23.31477,40000
