psnrs_b_test,iters_test
22.938005,10000
22.996319,20000
23.00681,30000
23.035471,40000
23.041721,50000
