psnrs_test,iters_test
25.1689,10000
27.509026,20000
29.41898,30000
30.122824,40000
30.754654,50000
31.431786,60000
31.841166,70000
32.11971,80000
32.325073,90000
32.474728,100000
