psnrs_test,iters_test
27.57739,10000
29.188976,20000
30.785894,30000
31.671513,40000
32.193905,50000
32.953415,60000
33.260315,70000
33.507675,80000
33.670506,90000
33.78798,100000
