psnrs_test,iters_test
32.39009,10000
32.367786,20000
32.20078,30000
