psnrs_b_test,iters_test
32.234882,10000
32.27223,20000
32.27142,30000
32.255127,40000
32.290646,50000
